,Subject (S),S Gender,Verb (V),Object (O),O Gender,Sentence ID,Sentence,Document ID,Document,song_path,id,artists,popularity,release_date,genres,new_genres,top_genre,year
0,Jesus,MALE,cry,Jesus,MALE,3,When Jesus lived here on this earth Jesus knew Jesus 's father 's plan Jesus knew that Jesus must give Jesus 's life to save the soul of men When Judas had betrayed Jesus Judas 's father heard Jesus cry Jesus was brave until Jesus 's death but Jesus did n't wan na die hey.,139,"=hyperlink(""C:\Users\rpilo\Downloads\orpheus\dataset\output\coref_CoreNLP_minified_corpus\coref\Alison_Krauss_Everybody_Wants_To_Go_To_Heaven.txt"")",Alison_Krauss_Everybody_Wants_To_Go_To_Heaven.txt,10QMlZCdMJHpSdtv9ye54G,"['Alison Krauss', 'The Cox Family']",23,1994-01-28,"['bluegrass', 'folk', 'progressive bluegrass']",['folk'],folk,1994
1,George,MALE,calls,George,MALE,2,"Everyone is wearing big smiles Everyone all try to act nice for a while Then George calls George 's in- laws vile Christmas, Christmas is here!",262,"=hyperlink(""C:\Users\rpilo\Downloads\orpheus\dataset\output\coref_CoreNLP_minified_corpus\coref\Arrogant_Worms_The_Christmas_Song.txt"")",Arrogant_Worms_The_Christmas_Song.txt,3P1XquMwzDGCo2VptzbwD1,['Arrogant Worms'],5,1992-10-12,"['comic', 'geek folk', 'kingston on indie']",['folk'],folk,1992
2,He,MALE,save,He,MALE,9,"He was trying to save He 's job He was, He was trying to save He 's job.",334,"=hyperlink(""C:\Users\rpilo\Downloads\orpheus\dataset\output\coref_CoreNLP_minified_corpus\coref\Beautiful_South_36D.txt"")",Beautiful_South_36D.txt,1jVZjhRf9eemGjfA8A0bNn,['The Beautiful South'],24,1992-01-01,"['britpop', 'melancholia', 'new wave pop', 'sophisti-pop']",['pop'],pop,1992
3,Romeo,MALE,loved,Juliet,FEMALE,15,Romeo loved Juliet.,374,"=hyperlink(""C:\Users\rpilo\Downloads\orpheus\dataset\output\coref_CoreNLP_minified_corpus\coref\Bette_Midler_Fever.txt"")",Bette_Midler_Fever.txt,2Pxqs0WmxxHTV5QaTdmt3Q,['Bette Midler'],63,1988,"['adult standards', 'new wave pop', 'soft rock']","['rock', 'pop']",pop,1988
4,him,MALE,say,him,MALE,20,him 'll say him just wants to be friends.,385,"=hyperlink(""C:\Users\rpilo\Downloads\orpheus\dataset\output\coref_CoreNLP_minified_corpus\coref\Bette_Midler_Married_Men.txt"")",Bette_Midler_Married_Men.txt,5iUzEn2QzBW0KEWNQO1KQC,['Bette Midler'],46,2008-01-09,"['adult standards', 'new wave pop', 'soft rock']","['rock', 'pop']",pop,2008
5,her,FEMALE,Leave,her,FEMALE,3,her gave meaning to I 's words her helped I find I 's way The time I had to leave her Leave her all alone The way her looked at I Made I cry I know her understands I her knows I 'm feelin' bad Until I 'm back beside her At the sunrise,781,"=hyperlink(""C:\Users\rpilo\Downloads\orpheus\dataset\output\coref_CoreNLP_minified_corpus\coref\Chicago_At_The_Sunrise.txt"")",Chicago_At_The_Sunrise.txt,0rhI6gvOeCKA502RdJAbfs,['TOMORROW X TOGETHER'],83,2023-01-27,"['k-pop', 'k-pop boy group']",['pop'],pop,2023
6,Susie,FEMALE,waits for,Louie,MALE,4,"[ Chorus] A faded picture on the mantelshelf, my older brother looks like my, Remember Donny dated Susie, And Susie rated johnny, Johnny 's into Susie, But Susie 's into Ronnie, Ronnie waits for Louie, But Louie 's singing Louie[ Chorus]",948,"=hyperlink(""C:\Users\rpilo\Downloads\orpheus\dataset\output\coref_CoreNLP_minified_corpus\coref\Cliff_Richard_Hot_Shot.txt"")",Cliff_Richard_Hot_Shot.txt,1swWJ6m8NuKrkp4Wx3JPF3,['Cliff Richard'],10,1979,"['adult standards', 'rock-and-roll']","['rock', 'pop']",pop,1979
7,He,MALE,notice,She,FEMALE,7,People are so unkind She looks in the mirror To make She 's here She keeps disappearing and dreaming of movie stars- weddings and nothing is happening He tries not to notice She thinks He does n't care.,992,"=hyperlink(""C:\Users\rpilo\Downloads\orpheus\dataset\output\coref_CoreNLP_minified_corpus\coref\Counting_Crows_Good_Luck.txt"")",Counting_Crows_Good_Luck.txt,6mOdbqSh2fLyfVMudAqH3J,['Counting Crows'],62,2019-03-15,"['neo mellow', 'pop rock', 'post-grunge', 'rock']",['rock'],rock,2019
8,She,FEMALE,confess,She,FEMALE,13,"I do n't want to live like that ... Just a product of misery ... ... Annie said She must confess She never came and never left, Never could communicate and Now the time is much too late.",1037,"=hyperlink(""C:\Users\rpilo\Downloads\orpheus\dataset\output\coref_CoreNLP_minified_corpus\coref\Cyndi_Lauper_Product_Of_Misery.txt"")",Cyndi_Lauper_Product_Of_Misery.txt,4y1LsJpmMti1PfRQV9AWWe,['Cyndi Lauper'],80,1983-10-14,"['dance pop', 'new wave pop', 'permanent wave', 'soft rock']","['rock', 'pop', 'dance']",pop,1983
9,Daddy,MALE,tell,he,MALE,2,Tell he why you do n't care Daddy tell he why did you leave he Why you do n't care?,1693,"=hyperlink(""C:\Users\rpilo\Downloads\orpheus\dataset\output\coref_CoreNLP_minified_corpus\coref\Fabolous_Stay.txt"")",Fabolous_Stay.txt,44tTqUi3xi7E28QLzHVdUA,['TOMORROW X TOGETHER'],71,2021-05-31,"['k-pop', 'k-pop boy group']",['pop'],pop,2021
10,he,MALE,seen,he,MALE,1,There was a wicked messenger From Eli he did come With a mind that multiplied The smallest matter When questioned who had sent for he he answered with a thumb For he tongue a thumb could not speak But only flatter he stayed behind the assembly hall a thumb was there that he made he bed Often times he could be seen returning Until one day he just appeared With a note in he hand which read,1707,"=hyperlink(""C:\Users\rpilo\Downloads\orpheus\dataset\output\coref_CoreNLP_minified_corpus\coref\Faces_Wicked_Messenger.txt"")",Faces_Wicked_Messenger.txt,60gLSwJlUO0nwwKiWtsnfu,['Faces'],26,1970,"['blues rock', 'british blues', 'classic rock', 'country rock', 'folk rock', 'glam rock', 'protopunk', 'psychedelic rock', 'roots rock', 'singer-songwriter']","['rock', 'country', 'folk', 'punk']",rock,1970
11,She,FEMALE,want out on,She,FEMALE,1,"They knew all along They 're not dumb, They were so wrong She 's not always fun Hate it now, call when She 'm done Pieces fell in place Puzzles suck, laugh in She 's face Turn and swing the pace She 'll give this, keep the good waist Head is on She want out She 'm alone and She 'm an easy target Metronome She want out She 'm alone and She 'm an easy target Crazy TV dreams might be true Not what Pieces seems.",1794,"=hyperlink(""C:\Users\rpilo\Downloads\orpheus\dataset\output\coref_CoreNLP_minified_corpus\coref\Foo_Fighters_Alone_Easy_Target.txt"")",Foo_Fighters_Alone_Easy_Target.txt,0GJDaAc8Qqcy56RAtqR3sq,['Foo Fighters'],24,2015-04-18,"['alternative metal', 'alternative rock', 'modern rock', 'permanent wave', 'post-grunge', 'rock']","['rock', 'pop', 'metal']",pop,2015
12,Aries,MALE,Put,Aries,MALE,1,When I talk about it It carries on Reasons only knew When I talk about it Aries or treasons All renew Big I to talk about Aries I could stand to prove If we can get around Aries I know that it 's true When I talked about it Carried on Reasons only knew But It 's you I fell into But It 's you I fell into Well I talked about Aries Put Aries on Never was It true But It 's you I fell into,1796,"=hyperlink(""C:\Users\rpilo\Downloads\orpheus\dataset\output\coref_CoreNLP_minified_corpus\coref\Foo_Fighters_Big_Me.txt"")",Foo_Fighters_Big_Me.txt,6pb5BBnIM5IM7R1cqag6rE,['Foo Fighters'],66,1995-07-04,"['alternative metal', 'alternative rock', 'modern rock', 'permanent wave', 'post-grunge', 'rock']","['rock', 'pop', 'metal']",pop,1995
13,She,FEMALE,was  on,She,FEMALE,18,Joe: VD Vowdy vootie Right away That 's the way they go Every day Whenever they mamas take they to a show Matinee Pass the popcorn please There 's nothing like a Catholic Girl With She 's hand in the box When She 's on She 's knees Larry: She was on She 's knees My 's little Catholic Girl Chorus: In a little white dress Catholic Girls they never confess Catholic Girls My got one for a cousin My love how they go So send My a dozen Catholic Girls OOOOOOH!,1832,"=hyperlink(""C:\Users\rpilo\Downloads\orpheus\dataset\output\coref_CoreNLP_minified_corpus\coref\Frank_Zappa_Catholic_Girls.txt"")",Frank_Zappa_Catholic_Girls.txt,6wafqF12CJR0HCiUm4MUbR,['Frank Zappa'],39,1979-09-17,"['art rock', 'blues rock', 'experimental', 'instrumental rock', 'jazz fusion', 'jazz rock', 'progressive rock', 'proto-metal', 'psychedelic rock', 'symphonic rock', 'zolo']","['rock', 'jazz', 'metal']",rock,1979
14,She,FEMALE,turn,She,FEMALE,4,' Oh God Look at the speed We 're going in So this Is death and this 's so Calm My 'm surprised All My can do now is wait for noise This machine No sign of life Only the whisper of air She wo n't turn She wo n't climb She wo n't stop She wo n't fly My 'm falling My 'm silent My 'm thinking My 'm waiting for this thing to end.,1896,"=hyperlink(""C:\Users\rpilo\Downloads\orpheus\dataset\output\coref_CoreNLP_minified_corpus\coref\Gary_Numan_My_Centurion.txt"")",Gary_Numan_My_Centurion.txt,68a7JuFNmh1h6MuQoiDbKO,['Gary Numan'],8,1983-09-16,"['new romantic', 'new wave', 'new wave pop', 'permanent wave', 'synthpop']",['pop'],pop,1983
15,he,MALE,got,he,MALE,4,"he never thought he 'd make it, but he finally left the city, And now he 's got that special little place to call he own, Today he took a ride out in the country just to see he, It was n't hard to find because he name was on the stone.",1953,"=hyperlink(""C:\Users\rpilo\Downloads\orpheus\dataset\output\coref_CoreNLP_minified_corpus\coref\George_Jones_A_Place_In_The_Country.txt"")",George_Jones_A_Place_In_The_Country.txt,5iIqhkObZIVrq9I74j4A7s,['George Jones'],12,1989-02-28,"['country', 'country rock', 'honky tonk']",['country'],country,1989
16,she,FEMALE,met,him,MALE,3,she met him on a night so rare when she friends were there and the band was grooving.,2068,"=hyperlink(""C:\Users\rpilo\Downloads\orpheus\dataset\output\coref_CoreNLP_minified_corpus\coref\Gordon_Lightfoot_Go_Go_Round.txt"")",Gordon_Lightfoot_Go_Go_Round.txt,6Rbhi5D2zBqqaDN9g8ogxb,['Gordon Lightfoot'],36,1967-04-01,"['canadian country', 'canadian singer-songwriter', 'classic rock', 'country rock', 'folk', 'folk rock', 'heartland rock', 'mellow gold', 'singer-songwriter', 'soft rock']","['rock', 'country', 'folk']",rock,1967
17,him,MALE,meet,she,FEMALE,4,"When him gave a glance that said how much him would like to meet she, How was she to know at the time him would mistreat she?",2068,"=hyperlink(""C:\Users\rpilo\Downloads\orpheus\dataset\output\coref_CoreNLP_minified_corpus\coref\Gordon_Lightfoot_Go_Go_Round.txt"")",Gordon_Lightfoot_Go_Go_Round.txt,6Rbhi5D2zBqqaDN9g8ogxb,['Gordon Lightfoot'],36,1967-04-01,"['canadian country', 'canadian singer-songwriter', 'classic rock', 'country rock', 'folk', 'folk rock', 'heartland rock', 'mellow gold', 'singer-songwriter', 'soft rock']","['rock', 'country', 'folk']",rock,1967
18,him,MALE,mistreat,she,FEMALE,4,"When him gave a glance that said how much him would like to meet she, How was she to know at the time him would mistreat she?",2068,"=hyperlink(""C:\Users\rpilo\Downloads\orpheus\dataset\output\coref_CoreNLP_minified_corpus\coref\Gordon_Lightfoot_Go_Go_Round.txt"")",Gordon_Lightfoot_Go_Go_Round.txt,6Rbhi5D2zBqqaDN9g8ogxb,['Gordon Lightfoot'],36,1967-04-01,"['canadian country', 'canadian singer-songwriter', 'classic rock', 'country rock', 'folk', 'folk rock', 'heartland rock', 'mellow gold', 'singer-songwriter', 'soft rock']","['rock', 'country', 'folk']",rock,1967
19,she,FEMALE,danced for,him,MALE,5,"In she case she danced for him although a hundred eyes were turned she way, And before the set was through him knew she would be him loved one.",2068,"=hyperlink(""C:\Users\rpilo\Downloads\orpheus\dataset\output\coref_CoreNLP_minified_corpus\coref\Gordon_Lightfoot_Go_Go_Round.txt"")",Gordon_Lightfoot_Go_Go_Round.txt,6Rbhi5D2zBqqaDN9g8ogxb,['Gordon Lightfoot'],36,1967-04-01,"['canadian country', 'canadian singer-songwriter', 'classic rock', 'country rock', 'folk', 'folk rock', 'heartland rock', 'mellow gold', 'singer-songwriter', 'soft rock']","['rock', 'country', 'folk']",rock,1967
20,she,FEMALE,waits for,him,MALE,8,"But as she walks, she waits for him, the pavement is a shoulder for she tears, But in she heart, she knows there is no way she can hope to change him.",2068,"=hyperlink(""C:\Users\rpilo\Downloads\orpheus\dataset\output\coref_CoreNLP_minified_corpus\coref\Gordon_Lightfoot_Go_Go_Round.txt"")",Gordon_Lightfoot_Go_Go_Round.txt,6Rbhi5D2zBqqaDN9g8ogxb,['Gordon Lightfoot'],36,1967-04-01,"['canadian country', 'canadian singer-songwriter', 'classic rock', 'country rock', 'folk', 'folk rock', 'heartland rock', 'mellow gold', 'singer-songwriter', 'soft rock']","['rock', 'country', 'folk']",rock,1967
21,she,FEMALE,change,him,MALE,8,"But as she walks, she waits for him, the pavement is a shoulder for she tears, But in she heart, she knows there is no way she can hope to change him.",2068,"=hyperlink(""C:\Users\rpilo\Downloads\orpheus\dataset\output\coref_CoreNLP_minified_corpus\coref\Gordon_Lightfoot_Go_Go_Round.txt"")",Gordon_Lightfoot_Go_Go_Round.txt,6Rbhi5D2zBqqaDN9g8ogxb,['Gordon Lightfoot'],36,1967-04-01,"['canadian country', 'canadian singer-songwriter', 'classic rock', 'country rock', 'folk', 'folk rock', 'heartland rock', 'mellow gold', 'singer-songwriter', 'soft rock']","['rock', 'country', 'folk']",rock,1967
22,she,FEMALE,told,him,MALE,4,Well there was a boy from Arkansas who would n't listen to a boy from Arkansas who would n't listen to his Ma When she told him that he should go to school 's Ma When she told a boy from Arkansas who would n't listen to his Ma When she told him that he should go to school that a boy from Arkansas who would n't listen to his Ma When she told him that he should go to school should go to school.,2083,"=hyperlink(""C:\Users\rpilo\Downloads\orpheus\dataset\output\coref_CoreNLP_minified_corpus\coref\Gordon_Lightfoot_The_Auctioneer.txt"")",Gordon_Lightfoot_The_Auctioneer.txt,44OZyAnB48k3XZrXhbpzvK,['Gordon Lightfoot'],16,1980,"['canadian country', 'canadian singer-songwriter', 'classic rock', 'country rock', 'folk', 'folk rock', 'heartland rock', 'mellow gold', 'singer-songwriter', 'soft rock']","['rock', 'country', 'folk']",rock,1980
23,she,FEMALE,told,him,MALE,5,"Well a boy from Arkansas who would n't listen to his Ma When she told him that he should go to school 'd stay away in the afternoon, take a little walk and pretty soon You 'd find a boy from Arkansas who would n't listen to his Ma When she told him that he should go to school at the local auction barn.",2083,"=hyperlink(""C:\Users\rpilo\Downloads\orpheus\dataset\output\coref_CoreNLP_minified_corpus\coref\Gordon_Lightfoot_The_Auctioneer.txt"")",Gordon_Lightfoot_The_Auctioneer.txt,44OZyAnB48k3XZrXhbpzvK,['Gordon Lightfoot'],16,1980,"['canadian country', 'canadian singer-songwriter', 'classic rock', 'country rock', 'folk', 'folk rock', 'heartland rock', 'mellow gold', 'singer-songwriter', 'soft rock']","['rock', 'country', 'folk']",rock,1980
24,her,FEMALE,said,her,FEMALE,19,her said her just could n't wait.,2089,"=hyperlink(""C:\Users\rpilo\Downloads\orpheus\dataset\output\coref_CoreNLP_minified_corpus\coref\Grand_Funk_Railroad_Just_Couldnt_Wait.txt"")",Grand_Funk_Railroad_Just_Couldnt_Wait.txt,0f0SbtoKGe41cX5LzlnX6X,['TOMORROW X TOGETHER'],81,2023-01-27,"['k-pop', 'k-pop boy group']",['pop'],pop,2023
25,She,FEMALE,please,She,FEMALE,3,"Tried to please She, She only played one night stands Tried to please She, She only played one night stands now She was a day tripper, Sunday driver yeah It took me so long to find out, and me found out Say tripper, day tripper yeah",2097,"=hyperlink(""C:\Users\rpilo\Downloads\orpheus\dataset\output\coref_CoreNLP_minified_corpus\coref\Grateful_Dead_Day_Tripper.txt"")",Grateful_Dead_Day_Tripper.txt,4aQ8mFkZU6dmHaZOOKdscc,['Grateful Dead'],42,2020-10-30,"['cosmic american', 'double drumming', 'jam band', 'psychedelic rock']",['rock'],rock,2020
26,she,FEMALE,kill,she,FEMALE,1,"Fuck school, nigga, I'ma be a dope dealer, I'ma be a killer, yup a urban guerrilla, I'ma stack strilla, yeah, buy me a villa, Sell a five- oh to me Auntie Priscilla, me do n't give a fuck that she look like thriller, Hit that shit, one more time and fuck around and kill she.",2412,"=hyperlink(""C:\Users\rpilo\Downloads\orpheus\dataset\output\coref_CoreNLP_minified_corpus\coref\Ice_Cube_Hood_Mentality.txt"")",Ice_Cube_Hood_Mentality.txt,7bADI7mnkoIqrZGwZTjyFi,['Ice Cube'],50,2008-01-01,"['conscious hip hop', 'g funk', 'gangster rap', 'hip hop', 'rap', 'west coast rap']","['rap', 'hip-hop']",rap,2008
27,he,MALE,belongs to,she,FEMALE,12,"Death and she life in death, Death and she life in death throw Death and she life in death 's dice for the crew she wins the mariner and he belongs to she now.",2576,"=hyperlink(""C:\Users\rpilo\Downloads\orpheus\dataset\output\coref_CoreNLP_minified_corpus\coref\Iron_Maiden_Rime_Of_The_Ancient_Mariner.txt"")",Iron_Maiden_Rime_Of_The_Ancient_Mariner.txt,5zk6Pr95UfgJEtlhE1Dk0N,['Iron Maiden'],45,1984-09-03,"['hard rock', 'metal', 'nwobhm', 'rock']","['rock', 'metal']",rock,1984
28,she,FEMALE,move,she,FEMALE,11,"she said"" move she, move she, she 'm locked up inside.""",2621,"=hyperlink(""C:\Users\rpilo\Downloads\orpheus\dataset\output\coref_CoreNLP_minified_corpus\coref\James_Taylor_Another_Grey_Morning.txt"")",James_Taylor_Another_Grey_Morning.txt,3eC5kxXAJ24pVZQkdi8r6U,['James Taylor'],30,1977,"['classic rock', 'folk', 'folk rock', 'heartland rock', 'mellow gold', 'singer-songwriter', 'soft rock']","['rock', 'folk']",rock,1977
29,Grandpa,MALE,was ,Grandpa,MALE,2,[ Chorus] Grandpa was a carpenter Grandpa built houses stores and banks Chain smoked Camel cigarettes And hammered nails in planks Grandpa was level on the level And shaved even every door And voted for Eisenhower 'Cause Lincoln won the war.,2761,"=hyperlink(""C:\Users\rpilo\Downloads\orpheus\dataset\output\coref_CoreNLP_minified_corpus\coref\John_Prine_Grandpa_Was_A_Carpenter.txt"")",John_Prine_Grandpa_Was_A_Carpenter.txt,7u8PlSBVqgOQqOzyVL5Pdt,['John Prine'],30,1973,"['folk', 'new americana', 'roots rock', 'singer-songwriter']","['rock', 'folk']",rock,1973
30,pierre,MALE,wedded,pierre,MALE,3,"pierre was there where pierre was wedded To the lovely mademoiselle,"" see'est la vie,""- say the old folks pierre goes to show that You never can tell a souped up jitney' t was a teenage wedding And the old folks wished 'em well You could see that pierre Did truly love the mademoiselle.",2772,"=hyperlink(""C:\Users\rpilo\Downloads\orpheus\dataset\output\coref_CoreNLP_minified_corpus\coref\John_Prine_You_Never_Can_Tell.txt"")",John_Prine_You_Never_Can_Tell.txt,2cWIsYc5xM8QItdhcqCFwl,['John Prine'],21,1975-02-20,"['folk', 'new americana', 'roots rock', 'singer-songwriter']","['rock', 'folk']",rock,1975
31,Lord,MALE,took,Jesus,MALE,6,"[ Chorus] Lord took Jesus as Lord 's Savior, You take Jesus too.",2790,"=hyperlink(""C:\Users\rpilo\Downloads\orpheus\dataset\output\coref_CoreNLP_minified_corpus\coref\Johnny_Cash_Doo_Lord.txt"")",Johnny_Cash_Doo_Lord.txt,6HvoIgkOtZtk21zmmNmyz8,['Johnny Cash'],33,2003-01-01,"['arkansas country', 'outlaw country', 'rock']","['rock', 'country']",rock,2003
32,Lord,MALE,took,Jesus,MALE,7,"Lord took Jesus as Lord 's Savior, You take Jesus too.",2790,"=hyperlink(""C:\Users\rpilo\Downloads\orpheus\dataset\output\coref_CoreNLP_minified_corpus\coref\Johnny_Cash_Doo_Lord.txt"")",Johnny_Cash_Doo_Lord.txt,6HvoIgkOtZtk21zmmNmyz8,['Johnny Cash'],33,2003-01-01,"['arkansas country', 'outlaw country', 'rock']","['rock', 'country']",rock,2003
33,Lord,MALE,took,Jesus,MALE,8,"Lord took Jesus as Lord 's Savior, You take Jesus too.",2790,"=hyperlink(""C:\Users\rpilo\Downloads\orpheus\dataset\output\coref_CoreNLP_minified_corpus\coref\Johnny_Cash_Doo_Lord.txt"")",Johnny_Cash_Doo_Lord.txt,6HvoIgkOtZtk21zmmNmyz8,['Johnny Cash'],33,2003-01-01,"['arkansas country', 'outlaw country', 'rock']","['rock', 'country']",rock,2003
34,she,FEMALE,takes,he,MALE,2,"As he lays asleep, she takes he in she arms, Some things I have to do, but I do n't mean you harm.",2851,"=hyperlink(""C:\Users\rpilo\Downloads\orpheus\dataset\output\coref_CoreNLP_minified_corpus\coref\Joy_Division_Colony.txt"")",Joy_Division_Colony.txt,2xdVantHk5zayugYswViOh,['Joy Division'],38,1980-07-18,"['alternative rock', 'art rock', 'indie rock', 'madchester', 'new wave', 'post-punk', 'rock', 'uk post-punk']","['rock', 'pop', 'punk']",pop,1980
35,girl,FEMALE,See,girl,FEMALE,2,"Now she wo n't tell you again, it 's up to you But you 'd better make up you mind what you 're gon na do Do n't you know she want you still she 'm so afraid she always will And she 'll be loving you till you see that girl she 'll keep on loving you till you see that girl she 'll still be loving you till you see that girl See that girl See that girl",3121,"=hyperlink(""C:\Users\rpilo\Downloads\orpheus\dataset\output\coref_CoreNLP_minified_corpus\coref\Kirsty_Maccoll_See_That_Girl.txt"")",Kirsty_Maccoll_See_That_Girl.txt,71jkyL2Q9gqrWlfrZUgVct,['Kirsty MacColl'],7,1981-07-01,['new wave pop'],['pop'],pop,1981
36,Valjean,MALE,Bring,Valjean,MALE,3,Bring Valjean home Bring Valjean home Bring Valjean home.,3330,"=hyperlink(""C:\Users\rpilo\Downloads\orpheus\dataset\output\coref_CoreNLP_minified_corpus\coref\Les_Miserables_Bring_Him_Home.txt"")",Les_Miserables_Bring_Him_Home.txt,6vb1E9HQ9V0vqxUaiGmgej,"['Alfie Boe', 'Danish National Chamber Orchestra', 'James Morgan']",46,2010-01-01,['operatic pop'],['pop'],pop,2010
37,Valjean,MALE,take,Valjean,MALE,6,Bring Valjean peace Bring Valjean joy Valjean is young Valjean is only a boy Valjean can take Valjean can give Let Valjean be Let Valjean live If my die Let my die Let Valjean live Bring Valjean home Bring Valjean home Bring Valjean home.,3330,"=hyperlink(""C:\Users\rpilo\Downloads\orpheus\dataset\output\coref_CoreNLP_minified_corpus\coref\Les_Miserables_Bring_Him_Home.txt"")",Les_Miserables_Bring_Him_Home.txt,6vb1E9HQ9V0vqxUaiGmgej,"['Alfie Boe', 'Danish National Chamber Orchestra', 'James Morgan']",46,2010-01-01,['operatic pop'],['pop'],pop,2010
38,Valjean,MALE,Bring,Valjean,MALE,6,Bring Valjean peace Bring Valjean joy Valjean is young Valjean is only a boy Valjean can take Valjean can give Let Valjean be Let Valjean live If my die Let my die Let Valjean live Bring Valjean home Bring Valjean home Bring Valjean home.,3330,"=hyperlink(""C:\Users\rpilo\Downloads\orpheus\dataset\output\coref_CoreNLP_minified_corpus\coref\Les_Miserables_Bring_Him_Home.txt"")",Les_Miserables_Bring_Him_Home.txt,6vb1E9HQ9V0vqxUaiGmgej,"['Alfie Boe', 'Danish National Chamber Orchestra', 'James Morgan']",46,2010-01-01,['operatic pop'],['pop'],pop,2010
39,Bitch,FEMALE,watch,his,MALE,5,Bitch watch his!,3337,"=hyperlink(""C:\Users\rpilo\Downloads\orpheus\dataset\output\coref_CoreNLP_minified_corpus\coref\Lil_Wayne_3_Peat.txt"")",Lil_Wayne_3_Peat.txt,58PWl2rA7lU90UBvDufzWm,['Lil Wayne'],57,2008-06-10,"['hip hop', 'new orleans rap', 'pop rap', 'rap', 'trap']","['rap', 'hip-hop']",rap,2008
40,Bitch,FEMALE,watch,his,MALE,6,Bitch watch his!,3337,"=hyperlink(""C:\Users\rpilo\Downloads\orpheus\dataset\output\coref_CoreNLP_minified_corpus\coref\Lil_Wayne_3_Peat.txt"")",Lil_Wayne_3_Peat.txt,58PWl2rA7lU90UBvDufzWm,['Lil Wayne'],57,2008-06-10,"['hip hop', 'new orleans rap', 'pop rap', 'rap', 'trap']","['rap', 'hip-hop']",rap,2008
41,She,FEMALE,rape,Wayne,MALE,15,"She wan na fuck Weezy But She wan na rape Wayne( uhh hun) Got money( yeah) And you know Weezy Take Weezy out you pocket and show your pocket( then) Throw Weezy( fly) This a way( fly) That'a way( fly) This a way( fly) That'a way Gettin' mug From everybody who see then Hang over the wall of the VIP OK, Weezy 's Young Wayne on them hoes A.K.A.Mr.",3345,"=hyperlink(""C:\Users\rpilo\Downloads\orpheus\dataset\output\coref_CoreNLP_minified_corpus\coref\Lil_Wayne_Got_Money.txt"")",Lil_Wayne_Got_Money.txt,46lIt6GmL0VkkbuUyGDbCs,"['Lil Wayne', 'T-Pain']",60,2008-06-10,"['hip hop', 'new orleans rap', 'pop rap', 'rap', 'trap']","['rap', 'hip-hop']",rap,2008
42,she,FEMALE,stab,she,FEMALE,17,"Got this poor hoe Shonna swear like Marijuana she dig Lil Wayne But she love the Big Tymers, Got pretty girl Patrice Found out me 'm fuckin' she niece she tried to stab she so me grab she and we call the police.",3346,"=hyperlink(""C:\Users\rpilo\Downloads\orpheus\dataset\output\coref_CoreNLP_minified_corpus\coref\Lil_Wayne_Hoes.txt"")",Lil_Wayne_Hoes.txt,6EQxuF78fy2hy1sIW2SDiQ,"['Lil Wayne', 'Mannie Fresh']",43,2004-01-01,"['hip hop', 'new orleans rap', 'pop rap', 'rap', 'trap']","['rap', 'hip-hop']",rap,2004
43,Moe,MALE,Eat,Moe,MALE,1,"Let me tell you a story from way back, Truck on down and dig me, Jack, There 's Big Moe, little biddy Moe, four eyed Moe, No Moe, Look at brother, look at brother, look at brother, Eat Moe!",3459,"=hyperlink(""C:\Users\rpilo\Downloads\orpheus\dataset\output\coref_CoreNLP_minified_corpus\coref\Louis_Jordan_Five_Guys_Named_Moe.txt"")",Louis_Jordan_Five_Guys_Named_Moe.txt,4dpepHz9Vjo49ufFQwE59h,['Louis Jordan & His Tympany Five'],14,1992-01-01,"['jazz blues', 'rhythm and blues']",['jazz'],jazz,1992
44,she,FEMALE,looked at,she,FEMALE,2,"she do it up right she looked at she watch, my watch was a quarter of three she knew she 'd be up there waitin' on she she, got some explanin' to do she been bad, she been good Do n't always do the things that she should When she go, she go all night But when she do it wrong, woo!",3488,"=hyperlink(""C:\Users\rpilo\Downloads\orpheus\dataset\output\coref_CoreNLP_minified_corpus\coref\Lynyrd_Skynyrd_Do_It_Up_Right.txt"")",Lynyrd_Skynyrd_Do_It_Up_Right.txt,46dE0U8ssVYXMQj0rJFBaX,['Lynyrd Skynyrd'],19,2012-08-17,"['album rock', 'classic rock', 'hard rock', 'rock', 'southern rock']",['rock'],rock,2012
45,he,MALE,sits down,he,MALE,5,"There is a little house into town And there I 's love, he sits he down.",3553,"=hyperlink(""C:\Users\rpilo\Downloads\orpheus\dataset\output\coref_CoreNLP_minified_corpus\coref\Marianne_Faithfull_Love_Is_Teasin.txt"")",Marianne_Faithfull_Love_Is_Teasin.txt,3uEwNeYxAtG53tpl9R5OYB,['Marianne Faithfull'],16,2002-04-08,"['british invasion', 'folk', 'singer-songwriter']",['folk'],folk,2002
46,her,FEMALE,whored,her,FEMALE,6,"Two emperors died to serve her lust, her whored her to death, yes her did, And withered into lovely dust.",3557,"=hyperlink(""C:\Users\rpilo\Downloads\orpheus\dataset\output\coref_CoreNLP_minified_corpus\coref\Marianne_Faithfull_Salomon_Song.txt"")",Marianne_Faithfull_Salomon_Song.txt,3uEwNeYxAtG53tpl9R5OYB,['Marianne Faithfull'],16,2002-04-08,"['british invasion', 'folk', 'singer-songwriter']",['folk'],folk,2002
47,She,FEMALE,hate,She,FEMALE,2,"Moving on down my street my see people my wo n't ever meet Think of She, take a breath Feel the beat in the rhythm of my steps And sometimes a breath 's a sad song[ Chorus] The rhythm of She 's conversation The perfection of She 's creation The sex She slipped into my coffee The way She felt when She first saw my Hate to love and love to hate She 's Like a broken record player Back and forth and here and gone And on and on and on and on[ Chorus]",3602,"=hyperlink(""C:\Users\rpilo\Downloads\orpheus\dataset\output\coref_CoreNLP_minified_corpus\coref\Maroon_5_The_Sun.txt"")",Maroon_5_The_Sun.txt,6cX1zmXxkfhSvHW82U5CW6,['Maroon 5'],53,2002-06-25,"['dance pop', 'pop']","['pop', 'dance']",pop,2002
48,him,MALE,die,him,MALE,6,"Master all of these Magic if you please Bring him to him knees him master five magics Possessed with hellish torment him master magics"" 5"" Hunting the abyss lord Only one will stay alive him who lives by the sword will surely also die him who lives in sin will surely live the lie",3645,"=hyperlink(""C:\Users\rpilo\Downloads\orpheus\dataset\output\coref_CoreNLP_minified_corpus\coref\Megadeth_Five_Magics.txt"")",Megadeth_Five_Magics.txt,1aSGE7H6pkelrCmdzMquEg,['Megadeth'],45,1990-01-01,"['alternative metal', 'hard rock', 'melodic thrash', 'metal', 'nu metal', 'old school thrash', 'rock', 'speed metal', 'thrash metal']","['rock', 'metal']",rock,1990
49,he,MALE,sleeping,Diana,FEMALE,8,"She said he 's not coming back Because he 's sleeping with me Dirty Diana, nah Dirty Diana, nah Dirty Diana, nah Dirty Diana, no Dirty Diana, nah Dirty Diana, nah Dirty Diana, nah Dirty Diana Come on!",3717,"=hyperlink(""C:\Users\rpilo\Downloads\orpheus\dataset\output\coref_CoreNLP_minified_corpus\coref\Michael_Jackson_Dirty_Diana.txt"")",Michael_Jackson_Dirty_Diana.txt,6JZYMxvcoeLD4IifJPvDux,['Michael Jackson'],60,2003-11-18,"['pop', 'r&b', 'soul']","['soul', 'pop']",pop,2003
50,Father,MALE,abusing,her,FEMALE,4,Because it 's now twelve o'clock And there 's someone out on the street Just imagine how scared your children are her wrote that her is tired of stepdaddy using her Saying that Father 'll buy her things while sexually abusing her Just think that her 's all alone somewhere out on the street How will this girl survive?,3718,"=hyperlink(""C:\Users\rpilo\Downloads\orpheus\dataset\output\coref_CoreNLP_minified_corpus\coref\Michael_Jackson_Do_You_Know_Where_Your_Children_Are.txt"")",Michael_Jackson_Do_You_Know_Where_Your_Children_Are.txt,2bCQHF9gdG5BNDVuEIEnNk,['Michael Jackson'],76,2012-09-18,"['pop', 'r&b', 'soul']","['soul', 'pop']",pop,2012
51,she,FEMALE,Think,she,FEMALE,1,Always looking for attention Always needs to be mentioned Who does she Think she should be?,3843,"=hyperlink(""C:\Users\rpilo\Downloads\orpheus\dataset\output\coref_CoreNLP_minified_corpus\coref\Morrissey_Lifeguard_Sleeping,_Girl_Drowning.txt"")","Morrissey_Lifeguard_Sleeping,_Girl_Drowning.txt",64OURV95Yb2hz9bonePOZG,['Morrissey'],16,1994,"['madchester', 'new wave', 'permanent wave', 'solo wave']",['pop'],pop,1994
52,her,FEMALE,chose for,her,FEMALE,4,"So sleep and dream of love Because it 's the closest you will get to love That November Is a time Which me must Put out of me mind Oh, one fine day Let it be soon her wo n't be rich or beautiful But her 'll be walking you streets In the clothes that her went out And chose for her.",3845,"=hyperlink(""C:\Users\rpilo\Downloads\orpheus\dataset\output\coref_CoreNLP_minified_corpus\coref\Morrissey_November_Spawned_A_Monster.txt"")",Morrissey_November_Spawned_A_Monster.txt,0NDoSlP9ZTXF97R3zEoGLc,['Morrissey'],31,1990-10-15,"['madchester', 'new wave', 'permanent wave', 'solo wave']",['pop'],pop,1990
53,He,MALE,kill,He,MALE,5,"Boy racer Boy racer, oh We 're gon na kill this pretty thing Boy racer Boy racer, oh We 're gon na kill this pretty thing He thinks He got the whole world in He 's hands Stood at the urinal He thinks He got the whole world in He 's hands And He 'm gon na ... kill He!",3854,"=hyperlink(""C:\Users\rpilo\Downloads\orpheus\dataset\output\coref_CoreNLP_minified_corpus\coref\Morrissey_The_Boy_Racer.txt"")",Morrissey_The_Boy_Racer.txt,0ybIKkt8AaIZXoa2qLhSW8,['Morrissey'],24,1995-08-28,"['madchester', 'new wave', 'permanent wave', 'solo wave']",['pop'],pop,1995
54,she,FEMALE,named,she,FEMALE,11,"Georgia claimed she, Georgia named she, Sweet Georgia Brown.",3903,"=hyperlink(""C:\Users\rpilo\Downloads\orpheus\dataset\output\coref_CoreNLP_minified_corpus\coref\Nat_King_Cole_Sweet_Georgia_Brown.txt"")",Nat_King_Cole_Sweet_Georgia_Brown.txt,2MVQbDuhVs2muWFURtIdNb,"['Natalie Cole', 'Nat King Cole']",62,1991-06-11,"['adult standards', 'disco', 'motown', 'quiet storm', 'soul', 'vocal jazz']","['jazz', 'soul', 'pop', 'dance']",pop,1991
55,Lucy,FEMALE,Follow down,her,FEMALE,4,"Lucy in the sky with diamonds, Follow her down to a bridge by a fountain Where rocking horse people eat marshmallow pies, Everyone smiles as yourself drift past the flowers, That grow so incredibly high.",3909,"=hyperlink(""C:\Users\rpilo\Downloads\orpheus\dataset\output\coref_CoreNLP_minified_corpus\coref\Natalie_Cole_Lucy_In_The_Sky_With_Diamonds.txt"")",Natalie_Cole_Lucy_In_The_Sky_With_Diamonds.txt,3lcwTvkQn6791IifcewwUi,['Natalie Cole'],10,1978-01-01,"['adult standards', 'disco', 'motown', 'quiet storm', 'soul', 'vocal jazz']","['jazz', 'soul', 'pop', 'dance']",pop,1978
56,She,FEMALE,gone,She,FEMALE,2,Amelia She 's been caught up in the twilight Always on the outside Slowly drowning in the water Drowning from the tears Those green eyes She 's a pretty flower Waiting in wind Heavenly She put a spell on me Heavenly Where 's She gone?,3922,"=hyperlink(""C:\Users\rpilo\Downloads\orpheus\dataset\output\coref_CoreNLP_minified_corpus\coref\Natalie_Imbruglia_Amelia.txt"")",Natalie_Imbruglia_Amelia.txt,1Jaah2tmN9Hv81A87KZ1MU,['Natalie Imbruglia'],76,1997-11-10,"['dance pop', 'europop', 'lilith', 'new wave pop', 'pop rock']","['rock', 'pop', 'dance']",pop,1997
57,Shine,MALE,See,Amelia,FEMALE,3,"So do n't disappear Shine So do n't disappear Shine Do n't know how sometimes Do n't know shine, shine See your Amelia There 's nothing to fear Do n't disappear Shine See your Amelia There 's nothing to fear Do n't disappear Shine There 's noting to fear Do n't disappear Amelia There 's nothing to fear So do n't disappear Shine( x2)",3922,"=hyperlink(""C:\Users\rpilo\Downloads\orpheus\dataset\output\coref_CoreNLP_minified_corpus\coref\Natalie_Imbruglia_Amelia.txt"")",Natalie_Imbruglia_Amelia.txt,1Jaah2tmN9Hv81A87KZ1MU,['Natalie Imbruglia'],76,1997-11-10,"['dance pop', 'europop', 'lilith', 'new wave pop', 'pop rock']","['rock', 'pop', 'dance']",pop,1997
58,her,FEMALE,waiting,her,FEMALE,1,"I 've seen that girl before, I 've seen the boys come and go And still shes on her own I 've seen those tears before, I 've seen her heart break her knows what it means to be alone There must be another way to spend her life While her is waiting her knows the dangers there, these love affairs Run hot, run cold and always take these love affairs 's toll these love affairs 's another lonely night inside those empty rooms her knows will never be a home There must be etc..",3951,"=hyperlink(""C:\Users\rpilo\Downloads\orpheus\dataset\output\coref_CoreNLP_minified_corpus\coref\Nazareth_One_From_The_Heart.txt"")",Nazareth_One_From_The_Heart.txt,2CEpAxDMhIESSGWCHnfaY6,['Nazareth'],31,1986-02-01,"['album rock', 'classic rock', 'glam metal', 'hard rock', 'rock']","['rock', 'metal']",rock,1986
59,Johnny,MALE,learn,Johnny,MALE,3,"Johnny 's teachers did n't understand, His teachers kicked Johnny out of school at a tender early age, Just because Johnny did n't want to learn things Johnny had other interests Johnny liked to burn things!",4254,"=hyperlink(""C:\Users\rpilo\Downloads\orpheus\dataset\output\coref_CoreNLP_minified_corpus\coref\Oingo_Boingo_Only_A_Lad.txt"")",Oingo_Boingo_Only_A_Lad.txt,75BdorOxqofBDoLW9mkjIE,['Oingo Boingo'],46,1981-06-19,"['dance rock', 'new romantic', 'new wave', 'synthpop', 'zolo']","['pop', 'dance']",pop,1981
60,his,MALE,give,his,MALE,3,"we need Perry Mason Someone to put his in place Calling Perry Mason Wake his when Perry Mason 's over, tell his Perry Mason 's all right Just keep on talking baby, his 've been doing this all night How much did his give his, tell his Perry Mason 'll be all right Who can we get on this case?",4400,"=hyperlink(""C:\Users\rpilo\Downloads\orpheus\dataset\output\coref_CoreNLP_minified_corpus\coref\Ozzy_Osbourne_Perry_Mason.txt"")",Ozzy_Osbourne_Perry_Mason.txt,5yckiSASyeQLPgpBZkXIbu,['Ozzy Osbourne'],56,1995-10-23,"['album rock', 'alternative metal', 'birmingham metal', 'classic rock', 'glam metal', 'hard rock', 'metal', 'nu metal', 'rock']","['rock', 'metal']",rock,1995
61,Bobby,MALE,lived with,Patty,FEMALE,7,Bobby lived with Patty But they never told Patty 's daddy What they love was all about Patty could tell Patty 's lover that he thought but Patty never was the type to let the type out What 's the type all about?,4468,"=hyperlink(""C:\Users\rpilo\Downloads\orpheus\dataset\output\coref_CoreNLP_minified_corpus\coref\Paul_McCartney_C_Moon.txt"")",Paul_McCartney_C_Moon.txt,29UbknZExufsQYetP9j7ut,['Paul McCartney'],27,2003-05-17,"['beatlesque', 'classic rock', 'mellow gold', 'rock']",['rock'],rock,2003
62,Bobby,MALE,lived with,Patty,FEMALE,14,Bobby lived with Patty But they never told Patty 's daddy What they love was all about Patty could tell Patty 's lover that he thought but Patty never wanted to let it out What 's it all about?,4468,"=hyperlink(""C:\Users\rpilo\Downloads\orpheus\dataset\output\coref_CoreNLP_minified_corpus\coref\Paul_McCartney_C_Moon.txt"")",Paul_McCartney_C_Moon.txt,29UbknZExufsQYetP9j7ut,['Paul McCartney'],27,2003-05-17,"['beatlesque', 'classic rock', 'mellow gold', 'rock']",['rock'],rock,2003
63,he,MALE,saw,her,FEMALE,1,"The Swiss Miss Girl made her fortune Doing commercials on tv But"" Easy come, easy go"" was her philosophy her spent all of her money her was searching for some cash So her went to her friend Capt 'n Crunch Whom her 'd met at a Hollywood bash The second that he saw her he said,"" he bet you 're in need Of some dough"" Perplexed and confused her asked he,"" Oh but Captain how did you know?""",4641,"=hyperlink(""C:\Users\rpilo\Downloads\orpheus\dataset\output\coref_CoreNLP_minified_corpus\coref\Phish_Trials_And_Tribulations.txt"")",Phish_Trials_And_Tribulations.txt,21aOLk12MksET8AsbU0SI6,['TOMORROW X TOGETHER'],74,2021-08-17,"['k-pop', 'k-pop boy group']",['pop'],pop,2021
64,Matilda,FEMALE,ask,Matilda,FEMALE,2,"And Waltzing Matilda ask Waltzing Matilda the same question And the band plays Waltzing Matilda And the old men still answer to the call But year after year they numbers get fewer Some day no one will march there at all Waltzing Matilda, Waltzing Matilda Who 'll go a-Waltzing Matilda with Waltzing Matilda?",4688,"=hyperlink(""C:\Users\rpilo\Downloads\orpheus\dataset\output\coref_CoreNLP_minified_corpus\coref\Pogues_The_Band_Played_Waltzing_Matilda.txt"")",Pogues_The_Band_Played_Waltzing_Matilda.txt,1O2SlAUcjIoFFt9vpI3P1i,['The Pogues'],43,1985,"['celtic punk', 'celtic rock', 'folk punk', 'punk']","['rock', 'folk', 'punk']",rock,1985
65,Matilda,FEMALE,a-Waltzing,Matilda,FEMALE,2,"And Waltzing Matilda ask Waltzing Matilda the same question And the band plays Waltzing Matilda And the old men still answer to the call But year after year they numbers get fewer Some day no one will march there at all Waltzing Matilda, Waltzing Matilda Who 'll go a-Waltzing Matilda with Waltzing Matilda?",4688,"=hyperlink(""C:\Users\rpilo\Downloads\orpheus\dataset\output\coref_CoreNLP_minified_corpus\coref\Pogues_The_Band_Played_Waltzing_Matilda.txt"")",Pogues_The_Band_Played_Waltzing_Matilda.txt,1O2SlAUcjIoFFt9vpI3P1i,['The Pogues'],43,1985,"['celtic punk', 'celtic rock', 'folk punk', 'punk']","['rock', 'folk', 'punk']",rock,1985
66,Jane,FEMALE,leave,Dick,MALE,1,"Dick meets jane and a fire starts Jane leaves dick and it breaks Dick 's heart Dick asked jane,"" why 'd Jane leave Dick?""",4705,"=hyperlink(""C:\Users\rpilo\Downloads\orpheus\dataset\output\coref_CoreNLP_minified_corpus\coref\Poison_69.txt"")",Poison_69.txt,0f0SbtoKGe41cX5LzlnX6X,['TOMORROW X TOGETHER'],81,2023-01-27,"['k-pop', 'k-pop boy group']",['pop'],pop,2023
67,his,MALE,left out,his,MALE,8,a girl offered back nothin' but lack of respect So his left his out with two barrels of steel.,4732,"=hyperlink(""C:\Users\rpilo\Downloads\orpheus\dataset\output\coref_CoreNLP_minified_corpus\coref\Primus_Coattails_Of_A_Dead_Man.txt"")",Primus_Coattails_Of_A_Dead_Man.txt,0f0SbtoKGe41cX5LzlnX6X,['TOMORROW X TOGETHER'],81,2023-01-27,"['k-pop', 'k-pop boy group']",['pop'],pop,2023
68,Wynona,FEMALE,caged up,him,MALE,2,"One day, you know, that beaver tried to leave Wynona, so Wynona caged him up with cyclone fence.",4739,"=hyperlink(""C:\Users\rpilo\Downloads\orpheus\dataset\output\coref_CoreNLP_minified_corpus\coref\Primus_Wynonas_Big_Brown_Beaver.txt"")",Primus_Wynonas_Big_Brown_Beaver.txt,5WzdX4iArSQZELuxI0Oq5Q,['Primus'],55,1995-01-01,"['alternative metal', 'alternative rock', 'funk metal', 'funk rock', 'grunge', 'nu metal', 'rock']","['rock', 'metal']",rock,1995
69,Rex,MALE,take,Rex,MALE,7,"Rex got wind of the big brown beaver So Rex thought Rex 'd take Rex a peek, but the beaver was quick and Rex grabbed Rex by the kiwis, and Rex ai n't pissed for a week.",4739,"=hyperlink(""C:\Users\rpilo\Downloads\orpheus\dataset\output\coref_CoreNLP_minified_corpus\coref\Primus_Wynonas_Big_Brown_Beaver.txt"")",Primus_Wynonas_Big_Brown_Beaver.txt,5WzdX4iArSQZELuxI0Oq5Q,['Primus'],55,1995-01-01,"['alternative metal', 'alternative rock', 'funk metal', 'funk rock', 'grunge', 'nu metal', 'rock']","['rock', 'metal']",rock,1995
70,Rex,MALE,grabbed,Rex,MALE,7,"Rex got wind of the big brown beaver So Rex thought Rex 'd take Rex a peek, but the beaver was quick and Rex grabbed Rex by the kiwis, and Rex ai n't pissed for a week.",4739,"=hyperlink(""C:\Users\rpilo\Downloads\orpheus\dataset\output\coref_CoreNLP_minified_corpus\coref\Primus_Wynonas_Big_Brown_Beaver.txt"")",Primus_Wynonas_Big_Brown_Beaver.txt,5WzdX4iArSQZELuxI0Oq5Q,['Primus'],55,1995-01-01,"['alternative metal', 'alternative rock', 'funk metal', 'funk rock', 'grunge', 'nu metal', 'rock']","['rock', 'metal']",rock,1995
71,Rex,MALE,pissed,Rex,MALE,7,"Rex got wind of the big brown beaver So Rex thought Rex 'd take Rex a peek, but the beaver was quick and Rex grabbed Rex by the kiwis, and Rex ai n't pissed for a week.",4739,"=hyperlink(""C:\Users\rpilo\Downloads\orpheus\dataset\output\coref_CoreNLP_minified_corpus\coref\Primus_Wynonas_Big_Brown_Beaver.txt"")",Primus_Wynonas_Big_Brown_Beaver.txt,5WzdX4iArSQZELuxI0Oq5Q,['Primus'],55,1995-01-01,"['alternative metal', 'alternative rock', 'funk metal', 'funk rock', 'grunge', 'nu metal', 'rock']","['rock', 'metal']",rock,1995
72,Wynona,FEMALE,stuck up,Rex,MALE,9,"Wynona took Wynona 's big brown beaver and Wynona stuck Rex up in the air, said"" I sure do love this big brown beaver and I wish I did have a pair.",4739,"=hyperlink(""C:\Users\rpilo\Downloads\orpheus\dataset\output\coref_CoreNLP_minified_corpus\coref\Primus_Wynonas_Big_Brown_Beaver.txt"")",Primus_Wynonas_Big_Brown_Beaver.txt,5WzdX4iArSQZELuxI0Oq5Q,['Primus'],55,1995-01-01,"['alternative metal', 'alternative rock', 'funk metal', 'funk rock', 'grunge', 'nu metal', 'rock']","['rock', 'metal']",rock,1995
73,Andrew,MALE,go on,Andrew,MALE,1,"Yes now Andrew Oldham sittin' on a hill with Jack and Jill( Jack and Jill) Fucked all night and sucked all night and taste that pussy till it taste just right Oh Andrew( yes Andrew) oh Andrew( yes Andrew) Oh suck it Andrew( go on Andrew), fuck it Andrew( go on Andrew) Oh Andrew( yeah) God!",5118,"=hyperlink(""C:\Users\rpilo\Downloads\orpheus\dataset\output\coref_CoreNLP_minified_corpus\coref\Rolling_Stones_Andrews_Blues.txt"")",Rolling_Stones_Andrews_Blues.txt,75zMKn5euxQdlkZgu4P42J,['The Rolling Stones'],64,1989-08-15,"['album rock', 'british invasion', 'classic rock', 'rock']",['rock'],rock,1989
74,her,FEMALE,tell,her,FEMALE,3,"And if her says to you, that her do n't love me Just give her me message, tell her of me plea And me know, if me could have her back again, me would never make her sad me got a heart full of soul me got a heart full of soul me got a heart full of soul!",5190,"=hyperlink(""C:\Users\rpilo\Downloads\orpheus\dataset\output\coref_CoreNLP_minified_corpus\coref\Rush_Heart_Full_Of_Soul.txt"")",Rush_Heart_Full_Of_Soul.txt,0rhI6gvOeCKA502RdJAbfs,['TOMORROW X TOGETHER'],83,2023-01-27,"['k-pop', 'k-pop boy group']",['pop'],pop,2023
75,his,MALE,get,his,MALE,12,Cause his 'm a get his regardless.,5284,"=hyperlink(""C:\Users\rpilo\Downloads\orpheus\dataset\output\coref_CoreNLP_minified_corpus\coref\Snoop_Dogg_Betta_Days.txt"")",Snoop_Dogg_Betta_Days.txt,6gom2Xsy5SiVYV3qtrsb7v,['Snoop Dogg'],28,1999-01-01,"['g funk', 'gangster rap', 'hip hop', 'pop rap', 'rap', 'west coast rap']","['rap', 'hip-hop']",rap,1999
76,her,FEMALE,leave,her,FEMALE,3,( leave her alone) Shuffle to the window shuffle to the door( do n't wake her up) her gets the part my do n't want to see anymore( unplug the phone),5312,"=hyperlink(""C:\Users\rpilo\Downloads\orpheus\dataset\output\coref_CoreNLP_minified_corpus\coref\Squeeze_Striking_Matches.txt"")",Squeeze_Striking_Matches.txt,44tTqUi3xi7E28QLzHVdUA,['TOMORROW X TOGETHER'],71,2021-05-31,"['k-pop', 'k-pop boy group']",['pop'],pop,2021
77,her,FEMALE,wake up,her,FEMALE,3,( leave her alone) Shuffle to the window shuffle to the door( do n't wake her up) her gets the part my do n't want to see anymore( unplug the phone),5312,"=hyperlink(""C:\Users\rpilo\Downloads\orpheus\dataset\output\coref_CoreNLP_minified_corpus\coref\Squeeze_Striking_Matches.txt"")",Squeeze_Striking_Matches.txt,44tTqUi3xi7E28QLzHVdUA,['TOMORROW X TOGETHER'],71,2021-05-31,"['k-pop', 'k-pop boy group']",['pop'],pop,2021
78,she,FEMALE,gives,she,FEMALE,4,"Fed up with the glory she abdicates she title Sitting at a bar stool she gives she day 's recital, The family watch in horror As she staggers up the hallway Makes she a sandwich As they 're looking through the doorway, she goes to bed Leg by leg, Nothing 's said There 's no crown upon she head there 's no kingdom.",5316,"=hyperlink(""C:\Users\rpilo\Downloads\orpheus\dataset\output\coref_CoreNLP_minified_corpus\coref\Squeeze_Womans_World.txt"")",Squeeze_Womans_World.txt,44tTqUi3xi7E28QLzHVdUA,['TOMORROW X TOGETHER'],71,2021-05-31,"['k-pop', 'k-pop boy group']",['pop'],pop,2021
79,Forward,MALE,heal,Forward,MALE,2,"Take time with a wounded hand 'cause Forward likes to heal Take time with a wounded hand' guess Forward like to steal Take time with a wounded hand 'cause Forward likes to heal, Forward like to steal Forward 'm half the man Forward used to be( this feeling as the dawn Forward fades to gray) Angst",5407,"=hyperlink(""C:\Users\rpilo\Downloads\orpheus\dataset\output\coref_CoreNLP_minified_corpus\coref\Stone_Temple_Pilots_Creep.txt"")",Stone_Temple_Pilots_Creep.txt,16x4zrgor3ewwEbPgSrTAB,['Stone Temple Pilots'],51,2003-11-10,"['alternative metal', 'alternative rock', 'classic rock', 'grunge', 'hard rock', 'nu metal', 'post-grunge', 'rock']","['rock', 'metal']",rock,2003
80,She,FEMALE,takes,She,FEMALE,1,She takes She 's time when it 's time to get ready.,5427,"=hyperlink(""C:\Users\rpilo\Downloads\orpheus\dataset\output\coref_CoreNLP_minified_corpus\coref\Sublime_Slow_Ride.txt"")",Sublime_Slow_Ride.txt,6lIk5tgKezTTpxq1do60Tz,['Sublime'],57,1991,"['rap rock', 'reggae fusion', 'ska mexicano', 'ska punk']","['rap', 'punk']",punk,1991
81,He,MALE,asked,her,FEMALE,1,"In the middle of our summer romance He walked up to her and He asked her to dance I could see the old love light in her eyes See the love light in her eyes the old love light took a while to say, how 's your new love, babe?",5435,"=hyperlink(""C:\Users\rpilo\Downloads\orpheus\dataset\output\coref_CoreNLP_minified_corpus\coref\Supertramp_Summer_Romance.txt"")",Supertramp_Summer_Romance.txt,7hC8ufz7m7chnOrUXQUwjN,['Supertramp'],36,2005-01-01,"['album rock', 'art rock', 'classic rock', 'glam rock', 'mellow gold', 'piano rock', 'progressive rock', 'rock', 'soft rock', 'symphonic rock']",['rock'],rock,2005
82,her,FEMALE,left behind,her,FEMALE,8,Someone just remind her' bout this love her left behind her.,5545,"=hyperlink(""C:\Users\rpilo\Downloads\orpheus\dataset\output\coref_CoreNLP_minified_corpus\coref\The_Temptations_Since_I_Lost_My_Baby.txt"")",The_Temptations_Since_I_Lost_My_Baby.txt,1uzcPl4GZSU9Ysl1ZcMLTb,['The Temptations'],45,1965-01-01,"['memphis soul', 'motown', 'soul']",['soul'],soul,1965
83,He,MALE,go without,she,FEMALE,2,"Carmen Carmen, do n't you care for me Carmen Carmen, do n't you care Carmen, do n't you care for me He has to find she me really miss that girl He steals into the night He 'll go mad without she me 'm so mad about she Carmen Carmen, do n't you care for me Carmen Carmen, do n't you care Carmen, do n't you care for me",5690,"=hyperlink(""C:\Users\rpilo\Downloads\orpheus\dataset\output\coref_CoreNLP_minified_corpus\coref\Toto_Carmen.txt"")",Toto_Carmen.txt,0Fb1M7rbOnydw6SrXXSlHr,['TOMORROW X TOGETHER'],57,2021-11-02,"['k-pop', 'k-pop boy group']",['pop'],pop,2021
84,her,FEMALE,bought,her,FEMALE,14,That ring her bought her.,5939,"=hyperlink(""C:\Users\rpilo\Downloads\orpheus\dataset\output\coref_CoreNLP_minified_corpus\coref\Vanilla_Ice_Hooked.txt"")",Vanilla_Ice_Hooked.txt,3XVozq1aeqsJwpXrEZrDJ9,['Vanilla Ice'],72,2008-11-04,['miami hip hop'],['hip-hop'],hip-hop,2008
85,her,FEMALE,get,her,FEMALE,17,"her 'm gon na' get her a vette no man, no ... a' vette ... her 'm gon na get her the' vette.",5939,"=hyperlink(""C:\Users\rpilo\Downloads\orpheus\dataset\output\coref_CoreNLP_minified_corpus\coref\Vanilla_Ice_Hooked.txt"")",Vanilla_Ice_Hooked.txt,3XVozq1aeqsJwpXrEZrDJ9,['Vanilla Ice'],72,2008-11-04,['miami hip hop'],['hip-hop'],hip-hop,2008
86,his,MALE,want,his,MALE,10,"Does his need his, does his want his, Does his listen to what you say?",6045,"=hyperlink(""C:\Users\rpilo\Downloads\orpheus\dataset\output\coref_CoreNLP_minified_corpus\coref\Wang_Chung_Fire_In_The_Twilight.txt"")",Wang_Chung_Fire_In_The_Twilight.txt,6qBSGvyUzqNQv8XtnzCr9n,['Wang Chung'],56,1986-10-14,"['album rock', 'new romantic', 'new wave', 'new wave pop', 'soft rock', 'synthpop']","['rock', 'pop']",pop,1986
87,Chuckie,MALE,leaves,Diane,FEMALE,7,"Now Chuckie goes hunting, And leaves Diane alone.",6107,"=hyperlink(""C:\Users\rpilo\Downloads\orpheus\dataset\output\coref_CoreNLP_minified_corpus\coref\Weird_Al_Yankovic_Buckingham_Blues.txt"")",Weird_Al_Yankovic_Buckingham_Blues.txt,7D2mMWXU4VCMIpdN4yVoOF,"['""Weird Al"" Yankovic']",22,1983,"['comedy rock', 'comic', 'parody']",['rock'],rock,1983
88,boogie,MALE,Want to,boogie,MALE,3,"( No man, my do n't want to boogie) Want to boogie?",6111,"=hyperlink(""C:\Users\rpilo\Downloads\orpheus\dataset\output\coref_CoreNLP_minified_corpus\coref\Weird_Al_Yankovic_Gotta_Boogie.txt"")",Weird_Al_Yankovic_Gotta_Boogie.txt,5obuCoU65j2RvyG14qjUlv,"['""Weird Al"" Yankovic']",25,1983,"['comedy rock', 'comic', 'parody']",['rock'],rock,1983
89,Grandma,FEMALE,have,Grandma,FEMALE,2,"Grandma 's did n't drop no apple core"" But Grandma 's do n't have Grandma anymore If Grandma 's get to Heaven Grandma' s 'll look for Grandma 's hands",6230,"=hyperlink(""C:\Users\rpilo\Downloads\orpheus\dataset\output\coref_CoreNLP_minified_corpus\coref\Willie_Nelson_Grandmas_Hands.txt"")",Willie_Nelson_Grandmas_Hands.txt,5ei4fpAeExAQfduUR2ov1h,"['Willie Nelson', 'Mavis Staples']",21,2013-10-11,"['classic country pop', 'country', 'country rock', 'nashville sound', 'outlaw country', 'singer-songwriter', 'texas country']",['country'],country,2013
90,Genevieve,FEMALE,find,Genevieve,FEMALE,4,"Genevieve, Genevieve, Genevieve got to find Genevieve, Genevieve, woman, tonight.",6243,"=hyperlink(""C:\Users\rpilo\Downloads\orpheus\dataset\output\coref_CoreNLP_minified_corpus\coref\Wishbone_Ash_Genevieve.txt"")",Wishbone_Ash_Genevieve.txt,21aOLk12MksET8AsbU0SI6,['TOMORROW X TOGETHER'],74,2021-08-17,"['k-pop', 'k-pop boy group']",['pop'],pop,2021
91,Genevieve,FEMALE,know,Genevieve,FEMALE,5,"Deep in shadows of a neon- lit street Genevieve, Genevieve know Genevieve, Genevieve gave Genevieve, Genevieve the slip.",6243,"=hyperlink(""C:\Users\rpilo\Downloads\orpheus\dataset\output\coref_CoreNLP_minified_corpus\coref\Wishbone_Ash_Genevieve.txt"")",Wishbone_Ash_Genevieve.txt,21aOLk12MksET8AsbU0SI6,['TOMORROW X TOGETHER'],74,2021-08-17,"['k-pop', 'k-pop boy group']",['pop'],pop,2021
92,Genevieve,FEMALE,gave,Genevieve,FEMALE,5,"Deep in shadows of a neon- lit street Genevieve, Genevieve know Genevieve, Genevieve gave Genevieve, Genevieve the slip.",6243,"=hyperlink(""C:\Users\rpilo\Downloads\orpheus\dataset\output\coref_CoreNLP_minified_corpus\coref\Wishbone_Ash_Genevieve.txt"")",Wishbone_Ash_Genevieve.txt,21aOLk12MksET8AsbU0SI6,['TOMORROW X TOGETHER'],74,2021-08-17,"['k-pop', 'k-pop boy group']",['pop'],pop,2021
93,Genevieve,FEMALE,find,Genevieve,FEMALE,9,"Genevieve, Genevieve got to find Genevieve, Genevieve, Genevieve, Genevieve, Genevieve 'm gon na find Genevieve, Genevieve tonight.",6243,"=hyperlink(""C:\Users\rpilo\Downloads\orpheus\dataset\output\coref_CoreNLP_minified_corpus\coref\Wishbone_Ash_Genevieve.txt"")",Wishbone_Ash_Genevieve.txt,21aOLk12MksET8AsbU0SI6,['TOMORROW X TOGETHER'],74,2021-08-17,"['k-pop', 'k-pop boy group']",['pop'],pop,2021
94,Genevieve,FEMALE,find,Genevieve,FEMALE,18,"Genevieve, Genevieve, Genevieve got to find Genevieve, Genevieve, woman, tonight.",6243,"=hyperlink(""C:\Users\rpilo\Downloads\orpheus\dataset\output\coref_CoreNLP_minified_corpus\coref\Wishbone_Ash_Genevieve.txt"")",Wishbone_Ash_Genevieve.txt,21aOLk12MksET8AsbU0SI6,['TOMORROW X TOGETHER'],74,2021-08-17,"['k-pop', 'k-pop boy group']",['pop'],pop,2021
95,Genevieve,FEMALE,find,Genevieve,FEMALE,19,"Genevieve, Genevieve, Genevieve 'm gon na find Genevieve, Genevieve tonight.",6243,"=hyperlink(""C:\Users\rpilo\Downloads\orpheus\dataset\output\coref_CoreNLP_minified_corpus\coref\Wishbone_Ash_Genevieve.txt"")",Wishbone_Ash_Genevieve.txt,21aOLk12MksET8AsbU0SI6,['TOMORROW X TOGETHER'],74,2021-08-17,"['k-pop', 'k-pop boy group']",['pop'],pop,2021
96,She,FEMALE,want to,She,FEMALE,7,"She do n't want to She do n't want to work on Monday Yo, to my people cuttin here in the shops Thank God the cocoa leaf Inhale 's Friday To the thugs sweatin up in the chop shops Yo, the cocoa leaf Inhale 's Friday To my people who do n't got no job Everyday the cocoa leaf Inhale 's Firday What 's the track, what 's the track yo?",6270,"=hyperlink(""C:\Users\rpilo\Downloads\orpheus\dataset\output\coref_CoreNLP_minified_corpus\coref\Wyclef_Jean_Low_Income.txt"")",Wyclef_Jean_Low_Income.txt,6K8g4wFNYBZtK1KGcUMsi3,"['Wyclef Jean', 'Beast', '718 Crew']",27,2000-08-14,['rap kreyol'],['rap'],rap,2000
97,She,FEMALE,Thank,God,MALE,7,"She do n't want to She do n't want to work on Monday Yo, to my people cuttin here in the shops Thank God the cocoa leaf Inhale 's Friday To the thugs sweatin up in the chop shops Yo, the cocoa leaf Inhale 's Friday To my people who do n't got no job Everyday the cocoa leaf Inhale 's Firday What 's the track, what 's the track yo?",6270,"=hyperlink(""C:\Users\rpilo\Downloads\orpheus\dataset\output\coref_CoreNLP_minified_corpus\coref\Wyclef_Jean_Low_Income.txt"")",Wyclef_Jean_Low_Income.txt,6K8g4wFNYBZtK1KGcUMsi3,"['Wyclef Jean', 'Beast', '718 Crew']",27,2000-08-14,['rap kreyol'],['rap'],rap,2000
98,She,FEMALE,want to,She,FEMALE,8,"She do n't want to She do n't want to work on Monday All the Ladies sing my do n't feel Like cookin you no breakfast This mornin( Wyclef: All my hoodlums say) you do n't have To cook my breakfast 'Cause you girlfriend will After you leave( Daddy, play that guitar)",6270,"=hyperlink(""C:\Users\rpilo\Downloads\orpheus\dataset\output\coref_CoreNLP_minified_corpus\coref\Wyclef_Jean_Low_Income.txt"")",Wyclef_Jean_Low_Income.txt,6K8g4wFNYBZtK1KGcUMsi3,"['Wyclef Jean', 'Beast', '718 Crew']",27,2000-08-14,['rap kreyol'],['rap'],rap,2000
99,Jerry,MALE,hit up,his,MALE,8,"That 's when Jerry hit his up on the horn and said"" Clef, your on the cover of the cover of The Source by The Rolling Stones"" No more struggling, good life the Haitians And sa fa loving I'ma You could live I'ma too, if You only publish I'ma So here the Haitians And sa fa go, so what 's the scenario?",6271,"=hyperlink(""C:\Users\rpilo\Downloads\orpheus\dataset\output\coref_CoreNLP_minified_corpus\coref\Wyclef_Jean_Oh_What_A_Night.txt"")",Wyclef_Jean_Oh_What_A_Night.txt,4BiIOM4gLbc2ci6NGtN0Hv,['Wyclef Jean'],25,2002-06-18,['rap kreyol'],['rap'],rap,2002
100,She,FEMALE,browns,She,FEMALE,1,She likes it hot She likes a tan She steals my infra red when my 'm gone Oh no can my infra be We 're heading for a heatwave She 's legs are brown A trace of rust She 's in love with a mkii deluxe Oh no can it be We 're heading for a heatwave She 's hair is bleached like it 's been boiled She browns She in a sea of olive oil And my come around and She 's relaxing In the conservatory,6287,"=hyperlink(""C:\Users\rpilo\Downloads\orpheus\dataset\output\coref_CoreNLP_minified_corpus\coref\XTC_Heatwave.txt"")",XTC_Heatwave.txt,7EEKfTW9MODZPAjRsG8SCj,['XTC'],12,1978-01-20,"['art punk', 'art rock', 'beatlesque', 'new romantic', 'new wave', 'new wave pop', 'post-punk', 'power pop', 'zolo']","['rock', 'pop', 'punk']",pop,1978
101,Roan,MALE,touch,Roan,MALE,22,Roan would touch his lady 's Roan would hold his lady.,6354,"=hyperlink(""C:\Users\rpilo\Downloads\orpheus\dataset\output\coref_CoreNLP_minified_corpus\coref\Yes_Turn_Of_The_Century.txt"")",Yes_Turn_Of_The_Century.txt,21aOLk12MksET8AsbU0SI6,['TOMORROW X TOGETHER'],74,2021-08-17,"['k-pop', 'k-pop boy group']",['pop'],pop,2021
102,She,FEMALE,got,She,FEMALE,2,"She got She under pressure, She got She under pressure.",6431,"=hyperlink(""C:\Users\rpilo\Downloads\orpheus\dataset\output\coref_CoreNLP_minified_corpus\coref\ZZ_Top_Got_Me_Under_Pressure.txt"")",ZZ_Top_Got_Me_Under_Pressure.txt,1jzZZsfzxsebFa6KpWXaAr,['ZZ Top'],57,1983-03-23,"['album rock', 'blues rock', 'classic rock', 'hard rock', 'rock']",['rock'],rock,1983
103,She,FEMALE,give,She,FEMALE,9,"She 'm gon na give She a message, Here 's what She 'm gon na say:"" It 's all over.""",6431,"=hyperlink(""C:\Users\rpilo\Downloads\orpheus\dataset\output\coref_CoreNLP_minified_corpus\coref\ZZ_Top_Got_Me_Under_Pressure.txt"")",ZZ_Top_Got_Me_Under_Pressure.txt,1jzZZsfzxsebFa6KpWXaAr,['ZZ Top'],57,1983-03-23,"['album rock', 'blues rock', 'classic rock', 'hard rock', 'rock']",['rock'],rock,1983
104,She,FEMALE,hurt,She,FEMALE,10,She might get out a nightstick And hurt She real real bad By the roadside in a ditch.,6431,"=hyperlink(""C:\Users\rpilo\Downloads\orpheus\dataset\output\coref_CoreNLP_minified_corpus\coref\ZZ_Top_Got_Me_Under_Pressure.txt"")",ZZ_Top_Got_Me_Under_Pressure.txt,1jzZZsfzxsebFa6KpWXaAr,['ZZ Top'],57,1983-03-23,"['album rock', 'blues rock', 'classic rock', 'hard rock', 'rock']",['rock'],rock,1983
105,He,MALE,is ,God,MALE,1,"He is God, He is God.",6446,"=hyperlink(""C:\Users\rpilo\Downloads\orpheus\dataset\output\coref_CoreNLP_minified_corpus\coref\Zao_Growing_In_Grace.txt"")",Zao_Growing_In_Grace.txt,0f0SbtoKGe41cX5LzlnX6X,['TOMORROW X TOGETHER'],81,2023-01-27,"['k-pop', 'k-pop boy group']",['pop'],pop,2023
106,He,MALE,is ,God,MALE,2,"He is God, He is God.",6446,"=hyperlink(""C:\Users\rpilo\Downloads\orpheus\dataset\output\coref_CoreNLP_minified_corpus\coref\Zao_Growing_In_Grace.txt"")",Zao_Growing_In_Grace.txt,0f0SbtoKGe41cX5LzlnX6X,['TOMORROW X TOGETHER'],81,2023-01-27,"['k-pop', 'k-pop boy group']",['pop'],pop,2023
107,He,MALE,is ,God,MALE,3,"He is with us, He is God.",6446,"=hyperlink(""C:\Users\rpilo\Downloads\orpheus\dataset\output\coref_CoreNLP_minified_corpus\coref\Zao_Growing_In_Grace.txt"")",Zao_Growing_In_Grace.txt,0f0SbtoKGe41cX5LzlnX6X,['TOMORROW X TOGETHER'],81,2023-01-27,"['k-pop', 'k-pop boy group']",['pop'],pop,2023
108,He,MALE,is ,God,MALE,4,"He is with us, He is God.",6446,"=hyperlink(""C:\Users\rpilo\Downloads\orpheus\dataset\output\coref_CoreNLP_minified_corpus\coref\Zao_Growing_In_Grace.txt"")",Zao_Growing_In_Grace.txt,0f0SbtoKGe41cX5LzlnX6X,['TOMORROW X TOGETHER'],81,2023-01-27,"['k-pop', 'k-pop boy group']",['pop'],pop,2023
109,He,MALE,renewed,He,MALE,8,He 've been renewed by He alone.,6446,"=hyperlink(""C:\Users\rpilo\Downloads\orpheus\dataset\output\coref_CoreNLP_minified_corpus\coref\Zao_Growing_In_Grace.txt"")",Zao_Growing_In_Grace.txt,0f0SbtoKGe41cX5LzlnX6X,['TOMORROW X TOGETHER'],81,2023-01-27,"['k-pop', 'k-pop boy group']",['pop'],pop,2023
110,He,MALE,renewed,He,MALE,15,He 've been renewed by He alone.,6446,"=hyperlink(""C:\Users\rpilo\Downloads\orpheus\dataset\output\coref_CoreNLP_minified_corpus\coref\Zao_Growing_In_Grace.txt"")",Zao_Growing_In_Grace.txt,0f0SbtoKGe41cX5LzlnX6X,['TOMORROW X TOGETHER'],81,2023-01-27,"['k-pop', 'k-pop boy group']",['pop'],pop,2023
111,He,MALE,is ,God,MALE,24,He is God.,6446,"=hyperlink(""C:\Users\rpilo\Downloads\orpheus\dataset\output\coref_CoreNLP_minified_corpus\coref\Zao_Growing_In_Grace.txt"")",Zao_Growing_In_Grace.txt,0f0SbtoKGe41cX5LzlnX6X,['TOMORROW X TOGETHER'],81,2023-01-27,"['k-pop', 'k-pop boy group']",['pop'],pop,2023
112,He,MALE,is ,God,MALE,26,He is God.,6446,"=hyperlink(""C:\Users\rpilo\Downloads\orpheus\dataset\output\coref_CoreNLP_minified_corpus\coref\Zao_Growing_In_Grace.txt"")",Zao_Growing_In_Grace.txt,0f0SbtoKGe41cX5LzlnX6X,['TOMORROW X TOGETHER'],81,2023-01-27,"['k-pop', 'k-pop boy group']",['pop'],pop,2023
113,He,MALE,is ,God,MALE,28,He is God.,6446,"=hyperlink(""C:\Users\rpilo\Downloads\orpheus\dataset\output\coref_CoreNLP_minified_corpus\coref\Zao_Growing_In_Grace.txt"")",Zao_Growing_In_Grace.txt,0f0SbtoKGe41cX5LzlnX6X,['TOMORROW X TOGETHER'],81,2023-01-27,"['k-pop', 'k-pop boy group']",['pop'],pop,2023
114,He,MALE,is ,God,MALE,30,He is God.,6446,"=hyperlink(""C:\Users\rpilo\Downloads\orpheus\dataset\output\coref_CoreNLP_minified_corpus\coref\Zao_Growing_In_Grace.txt"")",Zao_Growing_In_Grace.txt,0f0SbtoKGe41cX5LzlnX6X,['TOMORROW X TOGETHER'],81,2023-01-27,"['k-pop', 'k-pop boy group']",['pop'],pop,2023
115,him,MALE,smile at,him,MALE,3,"To watch him die and smile At him dismay, him pain, My 's deliverance.",6448,"=hyperlink(""C:\Users\rpilo\Downloads\orpheus\dataset\output\coref_CoreNLP_minified_corpus\coref\Zao_Times_Of_Separation.txt"")",Zao_Times_Of_Separation.txt,6m1my9xzCHFMUCJySo4sqJ,['Zao'],14,1997-01-01,"['christian hardcore', 'west virginia metal']","['worship', 'metal']",metal,1997
